id,buying,maint,doors,persons,lugboot,safety,label
1,vhigh,vhigh,2,2,small,low,negative
2,vhigh,vhigh,2,2,small,med,negative
3,vhigh,vhigh,2,2,small,high,negative
4,vhigh,vhigh,2,2,med,low,negative
5,vhigh,vhigh,2,2,med,med,negative
6,vhigh,vhigh,2,2,med,high,negative
7,vhigh,vhigh,2,2,big,low,negative
8,vhigh,vhigh,2,2,big,med,negative
9,vhigh,vhigh,2,2,big,high,negative
10,vhigh,vhigh,2,4,small,low,negative
11,vhigh,vhigh,2,4,small,med,negative
12,vhigh,vhigh,2,4,small,high,negative
13,vhigh,vhigh,2,4,med,low,negative
14,vhigh,vhigh,2,4,med,med,negative
15,vhigh,vhigh,2,4,med,high,negative
16,vhigh,vhigh,2,4,big,low,negative
17,vhigh,vhigh,2,4,big,med,negative
18,vhigh,vhigh,2,4,big,high,negative
19,vhigh,vhigh,2,more,small,low,negative
20,vhigh,vhigh,2,more,small,med,negative
21,vhigh,vhigh,2,more,small,high,negative
22,vhigh,vhigh,2,more,med,low,negative
23,vhigh,vhigh,2,more,med,med,negative
24,vhigh,vhigh,2,more,med,high,negative
25,vhigh,vhigh,2,more,big,low,negative
26,vhigh,vhigh,2,more,big,med,negative
27,vhigh,vhigh,2,more,big,high,negative
28,vhigh,vhigh,3,2,small,low,negative
29,vhigh,vhigh,3,2,small,med,negative
30,vhigh,vhigh,3,2,small,high,negative
31,vhigh,vhigh,3,2,med,low,negative
32,vhigh,vhigh,3,2,med,med,negative
33,vhigh,vhigh,3,2,med,high,negative
34,vhigh,vhigh,3,2,big,low,negative
35,vhigh,vhigh,3,2,big,med,negative
36,vhigh,vhigh,3,2,big,high,negative
37,vhigh,vhigh,3,4,small,low,negative
38,vhigh,vhigh,3,4,small,med,negative
39,vhigh,vhigh,3,4,small,high,negative
40,vhigh,vhigh,3,4,med,low,negative
41,vhigh,vhigh,3,4,med,med,negative
42,vhigh,vhigh,3,4,med,high,negative
43,vhigh,vhigh,3,4,big,low,negative
44,vhigh,vhigh,3,4,big,med,negative
45,vhigh,vhigh,3,4,big,high,negative
46,vhigh,vhigh,3,more,small,low,negative
47,vhigh,vhigh,3,more,small,med,negative
48,vhigh,vhigh,3,more,small,high,negative
49,vhigh,vhigh,3,more,med,low,negative
50,vhigh,vhigh,3,more,med,med,negative
51,vhigh,vhigh,3,more,med,high,negative
52,vhigh,vhigh,3,more,big,low,negative
53,vhigh,vhigh,3,more,big,med,negative
54,vhigh,vhigh,3,more,big,high,negative
55,vhigh,vhigh,4,2,small,low,negative
56,vhigh,vhigh,4,2,small,med,negative
57,vhigh,vhigh,4,2,small,high,negative
58,vhigh,vhigh,4,2,med,low,negative
59,vhigh,vhigh,4,2,med,med,negative
60,vhigh,vhigh,4,2,med,high,negative
61,vhigh,vhigh,4,2,big,low,negative
62,vhigh,vhigh,4,2,big,med,negative
63,vhigh,vhigh,4,2,big,high,negative
64,vhigh,vhigh,4,4,small,low,negative
65,vhigh,vhigh,4,4,small,med,negative
66,vhigh,vhigh,4,4,small,high,negative
67,vhigh,vhigh,4,4,med,low,negative
68,vhigh,vhigh,4,4,med,med,negative
69,vhigh,vhigh,4,4,med,high,negative
70,vhigh,vhigh,4,4,big,low,negative
71,vhigh,vhigh,4,4,big,med,negative
72,vhigh,vhigh,4,4,big,high,negative
73,vhigh,vhigh,4,more,small,low,negative
74,vhigh,vhigh,4,more,small,med,negative
75,vhigh,vhigh,4,more,small,high,negative
76,vhigh,vhigh,4,more,med,low,negative
77,vhigh,vhigh,4,more,med,med,negative
78,vhigh,vhigh,4,more,med,high,negative
79,vhigh,vhigh,4,more,big,low,negative
80,vhigh,vhigh,4,more,big,med,negative
81,vhigh,vhigh,4,more,big,high,negative
82,vhigh,vhigh,morethanfive,2,small,low,negative
83,vhigh,vhigh,morethanfive,2,small,med,negative
84,vhigh,vhigh,morethanfive,2,small,high,negative
85,vhigh,vhigh,morethanfive,2,med,low,negative
86,vhigh,vhigh,morethanfive,2,med,med,negative
87,vhigh,vhigh,morethanfive,2,med,high,negative
88,vhigh,vhigh,morethanfive,2,big,low,negative
89,vhigh,vhigh,morethanfive,2,big,med,negative
90,vhigh,vhigh,morethanfive,2,big,high,negative
91,vhigh,vhigh,morethanfive,4,small,low,negative
92,vhigh,vhigh,morethanfive,4,small,med,negative
93,vhigh,vhigh,morethanfive,4,small,high,negative
94,vhigh,vhigh,morethanfive,4,med,low,negative
95,vhigh,vhigh,morethanfive,4,med,med,negative
96,vhigh,vhigh,morethanfive,4,med,high,negative
97,vhigh,vhigh,morethanfive,4,big,low,negative
98,vhigh,vhigh,morethanfive,4,big,med,negative
99,vhigh,vhigh,morethanfive,4,big,high,negative
100,vhigh,vhigh,morethanfive,more,small,low,negative
101,vhigh,vhigh,morethanfive,more,small,med,negative
102,vhigh,vhigh,morethanfive,more,small,high,negative
103,vhigh,vhigh,morethanfive,more,med,low,negative
104,vhigh,vhigh,morethanfive,more,med,med,negative
105,vhigh,vhigh,morethanfive,more,med,high,negative
106,vhigh,vhigh,morethanfive,more,big,low,negative
107,vhigh,vhigh,morethanfive,more,big,med,negative
108,vhigh,vhigh,morethanfive,more,big,high,negative
109,vhigh,high,2,2,small,low,negative
110,vhigh,high,2,2,small,med,negative
111,vhigh,high,2,2,small,high,negative
112,vhigh,high,2,2,med,low,negative
113,vhigh,high,2,2,med,med,negative
114,vhigh,high,2,2,med,high,negative
115,vhigh,high,2,2,big,low,negative
116,vhigh,high,2,2,big,med,negative
117,vhigh,high,2,2,big,high,negative
118,vhigh,high,2,4,small,low,negative
119,vhigh,high,2,4,small,med,negative
120,vhigh,high,2,4,small,high,negative
121,vhigh,high,2,4,med,low,negative
122,vhigh,high,2,4,med,med,negative
123,vhigh,high,2,4,med,high,negative
124,vhigh,high,2,4,big,low,negative
125,vhigh,high,2,4,big,med,negative
126,vhigh,high,2,4,big,high,negative
127,vhigh,high,2,more,small,low,negative
128,vhigh,high,2,more,small,med,negative
129,vhigh,high,2,more,small,high,negative
130,vhigh,high,2,more,med,low,negative
131,vhigh,high,2,more,med,med,negative
132,vhigh,high,2,more,med,high,negative
133,vhigh,high,2,more,big,low,negative
134,vhigh,high,2,more,big,med,negative
135,vhigh,high,2,more,big,high,negative
136,vhigh,high,3,2,small,low,negative
137,vhigh,high,3,2,small,med,negative
138,vhigh,high,3,2,small,high,negative
139,vhigh,high,3,2,med,low,negative
140,vhigh,high,3,2,med,med,negative
141,vhigh,high,3,2,med,high,negative
142,vhigh,high,3,2,big,low,negative
143,vhigh,high,3,2,big,med,negative
144,vhigh,high,3,2,big,high,negative
145,vhigh,high,3,4,small,low,negative
146,vhigh,high,3,4,small,med,negative
147,vhigh,high,3,4,small,high,negative
148,vhigh,high,3,4,med,low,negative
149,vhigh,high,3,4,med,med,negative
150,vhigh,high,3,4,med,high,negative
151,vhigh,high,3,4,big,low,negative
152,vhigh,high,3,4,big,med,negative
153,vhigh,high,3,4,big,high,negative
154,vhigh,high,3,more,small,low,negative
155,vhigh,high,3,more,small,med,negative
156,vhigh,high,3,more,small,high,negative
157,vhigh,high,3,more,med,low,negative
158,vhigh,high,3,more,med,med,negative
159,vhigh,high,3,more,med,high,negative
160,vhigh,high,3,more,big,low,negative
161,vhigh,high,3,more,big,med,negative
162,vhigh,high,3,more,big,high,negative
163,vhigh,high,4,2,small,low,negative
164,vhigh,high,4,2,small,med,negative
165,vhigh,high,4,2,small,high,negative
166,vhigh,high,4,2,med,low,negative
167,vhigh,high,4,2,med,med,negative
168,vhigh,high,4,2,med,high,negative
169,vhigh,high,4,2,big,low,negative
170,vhigh,high,4,2,big,med,negative
171,vhigh,high,4,2,big,high,negative
172,vhigh,high,4,4,small,low,negative
173,vhigh,high,4,4,small,med,negative
174,vhigh,high,4,4,small,high,negative
175,vhigh,high,4,4,med,low,negative
176,vhigh,high,4,4,med,med,negative
177,vhigh,high,4,4,med,high,negative
178,vhigh,high,4,4,big,low,negative
179,vhigh,high,4,4,big,med,negative
180,vhigh,high,4,4,big,high,negative
181,vhigh,high,4,more,small,low,negative
182,vhigh,high,4,more,small,med,negative
183,vhigh,high,4,more,small,high,negative
184,vhigh,high,4,more,med,low,negative
185,vhigh,high,4,more,med,med,negative
186,vhigh,high,4,more,med,high,negative
187,vhigh,high,4,more,big,low,negative
188,vhigh,high,4,more,big,med,negative
189,vhigh,high,4,more,big,high,negative
190,vhigh,high,morethanfive,2,small,low,negative
191,vhigh,high,morethanfive,2,small,med,negative
192,vhigh,high,morethanfive,2,small,high,negative
193,vhigh,high,morethanfive,2,med,low,negative
194,vhigh,high,morethanfive,2,med,med,negative
195,vhigh,high,morethanfive,2,med,high,negative
196,vhigh,high,morethanfive,2,big,low,negative
197,vhigh,high,morethanfive,2,big,med,negative
198,vhigh,high,morethanfive,2,big,high,negative
199,vhigh,high,morethanfive,4,small,low,negative
200,vhigh,high,morethanfive,4,small,med,negative
201,vhigh,high,morethanfive,4,small,high,negative
202,vhigh,high,morethanfive,4,med,low,negative
203,vhigh,high,morethanfive,4,med,med,negative
204,vhigh,high,morethanfive,4,med,high,negative
205,vhigh,high,morethanfive,4,big,low,negative
206,vhigh,high,morethanfive,4,big,med,negative
207,vhigh,high,morethanfive,4,big,high,negative
208,vhigh,high,morethanfive,more,small,low,negative
209,vhigh,high,morethanfive,more,small,med,negative
210,vhigh,high,morethanfive,more,small,high,negative
211,vhigh,high,morethanfive,more,med,low,negative
212,vhigh,high,morethanfive,more,med,med,negative
213,vhigh,high,morethanfive,more,med,high,negative
214,vhigh,high,morethanfive,more,big,low,negative
215,vhigh,high,morethanfive,more,big,med,negative
216,vhigh,high,morethanfive,more,big,high,negative
217,vhigh,med,2,2,small,low,negative
218,vhigh,med,2,2,small,med,negative
219,vhigh,med,2,2,small,high,negative
220,vhigh,med,2,2,med,low,negative
221,vhigh,med,2,2,med,med,negative
222,vhigh,med,2,2,med,high,negative
223,vhigh,med,2,2,big,low,negative
224,vhigh,med,2,2,big,med,negative
225,vhigh,med,2,2,big,high,negative
226,vhigh,med,2,4,small,low,negative
227,vhigh,med,2,4,small,med,negative
228,vhigh,med,2,4,small,high,positive
229,vhigh,med,2,4,med,low,negative
230,vhigh,med,2,4,med,med,negative
231,vhigh,med,2,4,med,high,positive
232,vhigh,med,2,4,big,low,negative
233,vhigh,med,2,4,big,med,positive
234,vhigh,med,2,4,big,high,positive
235,vhigh,med,2,more,small,low,negative
236,vhigh,med,2,more,small,med,negative
237,vhigh,med,2,more,small,high,negative
238,vhigh,med,2,more,med,low,negative
239,vhigh,med,2,more,med,med,negative
240,vhigh,med,2,more,med,high,positive
241,vhigh,med,2,more,big,low,negative
242,vhigh,med,2,more,big,med,positive
243,vhigh,med,2,more,big,high,positive
244,vhigh,med,3,2,small,low,negative
245,vhigh,med,3,2,small,med,negative
246,vhigh,med,3,2,small,high,negative
247,vhigh,med,3,2,med,low,negative
248,vhigh,med,3,2,med,med,negative
249,vhigh,med,3,2,med,high,negative
250,vhigh,med,3,2,big,low,negative
251,vhigh,med,3,2,big,med,negative
252,vhigh,med,3,2,big,high,negative
253,vhigh,med,3,4,small,low,negative
254,vhigh,med,3,4,small,med,negative
255,vhigh,med,3,4,small,high,positive
256,vhigh,med,3,4,med,low,negative
257,vhigh,med,3,4,med,med,negative
258,vhigh,med,3,4,med,high,positive
259,vhigh,med,3,4,big,low,negative
260,vhigh,med,3,4,big,med,positive
261,vhigh,med,3,4,big,high,positive
262,vhigh,med,3,more,small,low,negative
263,vhigh,med,3,more,small,med,negative
264,vhigh,med,3,more,small,high,positive
265,vhigh,med,3,more,med,low,negative
266,vhigh,med,3,more,med,med,positive
267,vhigh,med,3,more,med,high,positive
268,vhigh,med,3,more,big,low,negative
269,vhigh,med,3,more,big,med,positive
270,vhigh,med,3,more,big,high,positive
271,vhigh,med,4,2,small,low,negative
272,vhigh,med,4,2,small,med,negative
273,vhigh,med,4,2,small,high,negative
274,vhigh,med,4,2,med,low,negative
275,vhigh,med,4,2,med,med,negative
276,vhigh,med,4,2,med,high,negative
277,vhigh,med,4,2,big,low,negative
278,vhigh,med,4,2,big,med,negative
279,vhigh,med,4,2,big,high,negative
280,vhigh,med,4,4,small,low,negative
281,vhigh,med,4,4,small,med,negative
282,vhigh,med,4,4,small,high,positive
283,vhigh,med,4,4,med,low,negative
284,vhigh,med,4,4,med,med,positive
285,vhigh,med,4,4,med,high,positive
286,vhigh,med,4,4,big,low,negative
287,vhigh,med,4,4,big,med,positive
288,vhigh,med,4,4,big,high,positive
289,vhigh,med,4,more,small,low,negative
290,vhigh,med,4,more,small,med,negative
291,vhigh,med,4,more,small,high,positive
292,vhigh,med,4,more,med,low,negative
293,vhigh,med,4,more,med,med,positive
294,vhigh,med,4,more,med,high,positive
295,vhigh,med,4,more,big,low,negative
296,vhigh,med,4,more,big,med,positive
297,vhigh,med,4,more,big,high,positive
298,vhigh,med,morethanfive,2,small,low,negative
299,vhigh,med,morethanfive,2,small,med,negative
300,vhigh,med,morethanfive,2,small,high,negative
301,vhigh,med,morethanfive,2,med,low,negative
302,vhigh,med,morethanfive,2,med,med,negative
303,vhigh,med,morethanfive,2,med,high,negative
304,vhigh,med,morethanfive,2,big,low,negative
305,vhigh,med,morethanfive,2,big,med,negative
306,vhigh,med,morethanfive,2,big,high,negative
307,vhigh,med,morethanfive,4,small,low,negative
308,vhigh,med,morethanfive,4,small,med,negative
309,vhigh,med,morethanfive,4,small,high,positive
310,vhigh,med,morethanfive,4,med,low,negative
311,vhigh,med,morethanfive,4,med,med,positive
312,vhigh,med,morethanfive,4,med,high,positive
313,vhigh,med,morethanfive,4,big,low,negative
314,vhigh,med,morethanfive,4,big,med,positive
315,vhigh,med,morethanfive,4,big,high,positive
316,vhigh,med,morethanfive,more,small,low,negative
317,vhigh,med,morethanfive,more,small,med,negative
318,vhigh,med,morethanfive,more,small,high,positive
319,vhigh,med,morethanfive,more,med,low,negative
320,vhigh,med,morethanfive,more,med,med,positive
321,vhigh,med,morethanfive,more,med,high,positive
322,vhigh,med,morethanfive,more,big,low,negative
323,vhigh,med,morethanfive,more,big,med,positive
324,vhigh,med,morethanfive,more,big,high,positive
325,vhigh,low,2,2,small,low,negative
326,vhigh,low,2,2,small,med,negative
327,vhigh,low,2,2,small,high,negative
328,vhigh,low,2,2,med,low,negative
329,vhigh,low,2,2,med,med,negative
330,vhigh,low,2,2,med,high,negative
331,vhigh,low,2,2,big,low,negative
332,vhigh,low,2,2,big,med,negative
333,vhigh,low,2,2,big,high,negative
334,vhigh,low,2,4,small,low,negative
335,vhigh,low,2,4,small,med,negative
336,vhigh,low,2,4,small,high,positive
337,vhigh,low,2,4,med,low,negative
338,vhigh,low,2,4,med,med,negative
339,vhigh,low,2,4,med,high,positive
340,vhigh,low,2,4,big,low,negative
341,vhigh,low,2,4,big,med,positive
342,vhigh,low,2,4,big,high,positive
343,vhigh,low,2,more,small,low,negative
344,vhigh,low,2,more,small,med,negative
345,vhigh,low,2,more,small,high,negative
346,vhigh,low,2,more,med,low,negative
347,vhigh,low,2,more,med,med,negative
348,vhigh,low,2,more,med,high,positive
349,vhigh,low,2,more,big,low,negative
350,vhigh,low,2,more,big,med,positive
351,vhigh,low,2,more,big,high,positive
352,vhigh,low,3,2,small,low,negative
353,vhigh,low,3,2,small,med,negative
354,vhigh,low,3,2,small,high,negative
355,vhigh,low,3,2,med,low,negative
356,vhigh,low,3,2,med,med,negative
357,vhigh,low,3,2,med,high,negative
358,vhigh,low,3,2,big,low,negative
359,vhigh,low,3,2,big,med,negative
360,vhigh,low,3,2,big,high,negative
361,vhigh,low,3,4,small,low,negative
362,vhigh,low,3,4,small,med,negative
363,vhigh,low,3,4,small,high,positive
364,vhigh,low,3,4,med,low,negative
365,vhigh,low,3,4,med,med,negative
366,vhigh,low,3,4,med,high,positive
367,vhigh,low,3,4,big,low,negative
368,vhigh,low,3,4,big,med,positive
369,vhigh,low,3,4,big,high,positive
370,vhigh,low,3,more,small,low,negative
371,vhigh,low,3,more,small,med,negative
372,vhigh,low,3,more,small,high,positive
373,vhigh,low,3,more,med,low,negative
374,vhigh,low,3,more,med,med,positive
375,vhigh,low,3,more,med,high,positive
376,vhigh,low,3,more,big,low,negative
377,vhigh,low,3,more,big,med,positive
378,vhigh,low,3,more,big,high,positive
379,vhigh,low,4,2,small,low,negative
380,vhigh,low,4,2,small,med,negative
381,vhigh,low,4,2,small,high,negative
382,vhigh,low,4,2,med,low,negative
383,vhigh,low,4,2,med,med,negative
384,vhigh,low,4,2,med,high,negative
385,vhigh,low,4,2,big,low,negative
386,vhigh,low,4,2,big,med,negative
387,vhigh,low,4,2,big,high,negative
388,vhigh,low,4,4,small,low,negative
389,vhigh,low,4,4,small,med,negative
390,vhigh,low,4,4,small,high,positive
391,vhigh,low,4,4,med,low,negative
392,vhigh,low,4,4,med,med,positive
393,vhigh,low,4,4,med,high,positive
394,vhigh,low,4,4,big,low,negative
395,vhigh,low,4,4,big,med,positive
396,vhigh,low,4,4,big,high,positive
397,vhigh,low,4,more,small,low,negative
398,vhigh,low,4,more,small,med,negative
399,vhigh,low,4,more,small,high,positive
400,vhigh,low,4,more,med,low,negative
401,vhigh,low,4,more,med,med,positive
402,vhigh,low,4,more,med,high,positive
403,vhigh,low,4,more,big,low,negative
404,vhigh,low,4,more,big,med,positive
405,vhigh,low,4,more,big,high,positive
406,vhigh,low,morethanfive,2,small,low,negative
407,vhigh,low,morethanfive,2,small,med,negative
408,vhigh,low,morethanfive,2,small,high,negative
409,vhigh,low,morethanfive,2,med,low,negative
410,vhigh,low,morethanfive,2,med,med,negative
411,vhigh,low,morethanfive,2,med,high,negative
412,vhigh,low,morethanfive,2,big,low,negative
413,vhigh,low,morethanfive,2,big,med,negative
414,vhigh,low,morethanfive,2,big,high,negative
415,vhigh,low,morethanfive,4,small,low,negative
416,vhigh,low,morethanfive,4,small,med,negative
417,vhigh,low,morethanfive,4,small,high,positive
418,vhigh,low,morethanfive,4,med,low,negative
419,vhigh,low,morethanfive,4,med,med,positive
420,vhigh,low,morethanfive,4,med,high,positive
421,vhigh,low,morethanfive,4,big,low,negative
422,vhigh,low,morethanfive,4,big,med,positive
423,vhigh,low,morethanfive,4,big,high,positive
424,vhigh,low,morethanfive,more,small,low,negative
425,vhigh,low,morethanfive,more,small,med,negative
426,vhigh,low,morethanfive,more,small,high,positive
427,vhigh,low,morethanfive,more,med,low,negative
428,vhigh,low,morethanfive,more,med,med,positive
429,vhigh,low,morethanfive,more,med,high,positive
430,vhigh,low,morethanfive,more,big,low,negative
431,vhigh,low,morethanfive,more,big,med,positive
432,vhigh,low,morethanfive,more,big,high,positive
433,high,vhigh,2,2,small,low,negative
434,high,vhigh,2,2,small,med,negative
435,high,vhigh,2,2,small,high,negative
436,high,vhigh,2,2,med,low,negative
437,high,vhigh,2,2,med,med,negative
438,high,vhigh,2,2,med,high,negative
439,high,vhigh,2,2,big,low,negative
440,high,vhigh,2,2,big,med,negative
441,high,vhigh,2,2,big,high,negative
442,high,vhigh,2,4,small,low,negative
443,high,vhigh,2,4,small,med,negative
444,high,vhigh,2,4,small,high,negative
445,high,vhigh,2,4,med,low,negative
446,high,vhigh,2,4,med,med,negative
447,high,vhigh,2,4,med,high,negative
448,high,vhigh,2,4,big,low,negative
449,high,vhigh,2,4,big,med,negative
450,high,vhigh,2,4,big,high,negative
451,high,vhigh,2,more,small,low,negative
452,high,vhigh,2,more,small,med,negative
453,high,vhigh,2,more,small,high,negative
454,high,vhigh,2,more,med,low,negative
455,high,vhigh,2,more,med,med,negative
456,high,vhigh,2,more,med,high,negative
457,high,vhigh,2,more,big,low,negative
458,high,vhigh,2,more,big,med,negative
459,high,vhigh,2,more,big,high,negative
460,high,vhigh,3,2,small,low,negative
461,high,vhigh,3,2,small,med,negative
462,high,vhigh,3,2,small,high,negative
463,high,vhigh,3,2,med,low,negative
464,high,vhigh,3,2,med,med,negative
465,high,vhigh,3,2,med,high,negative
466,high,vhigh,3,2,big,low,negative
467,high,vhigh,3,2,big,med,negative
468,high,vhigh,3,2,big,high,negative
469,high,vhigh,3,4,small,low,negative
470,high,vhigh,3,4,small,med,negative
471,high,vhigh,3,4,small,high,negative
472,high,vhigh,3,4,med,low,negative
473,high,vhigh,3,4,med,med,negative
474,high,vhigh,3,4,med,high,negative
475,high,vhigh,3,4,big,low,negative
476,high,vhigh,3,4,big,med,negative
477,high,vhigh,3,4,big,high,negative
478,high,vhigh,3,more,small,low,negative
479,high,vhigh,3,more,small,med,negative
480,high,vhigh,3,more,small,high,negative
481,high,vhigh,3,more,med,low,negative
482,high,vhigh,3,more,med,med,negative
483,high,vhigh,3,more,med,high,negative
484,high,vhigh,3,more,big,low,negative
485,high,vhigh,3,more,big,med,negative
486,high,vhigh,3,more,big,high,negative
487,high,vhigh,4,2,small,low,negative
488,high,vhigh,4,2,small,med,negative
489,high,vhigh,4,2,small,high,negative
490,high,vhigh,4,2,med,low,negative
491,high,vhigh,4,2,med,med,negative
492,high,vhigh,4,2,med,high,negative
493,high,vhigh,4,2,big,low,negative
494,high,vhigh,4,2,big,med,negative
495,high,vhigh,4,2,big,high,negative
496,high,vhigh,4,4,small,low,negative
497,high,vhigh,4,4,small,med,negative
498,high,vhigh,4,4,small,high,negative
499,high,vhigh,4,4,med,low,negative
500,high,vhigh,4,4,med,med,negative
501,high,vhigh,4,4,med,high,negative
502,high,vhigh,4,4,big,low,negative
503,high,vhigh,4,4,big,med,negative
504,high,vhigh,4,4,big,high,negative
505,high,vhigh,4,more,small,low,negative
506,high,vhigh,4,more,small,med,negative
507,high,vhigh,4,more,small,high,negative
508,high,vhigh,4,more,med,low,negative
509,high,vhigh,4,more,med,med,negative
510,high,vhigh,4,more,med,high,negative
511,high,vhigh,4,more,big,low,negative
512,high,vhigh,4,more,big,med,negative
513,high,vhigh,4,more,big,high,negative
514,high,vhigh,morethanfive,2,small,low,negative
515,high,vhigh,morethanfive,2,small,med,negative
516,high,vhigh,morethanfive,2,small,high,negative
517,high,vhigh,morethanfive,2,med,low,negative
518,high,vhigh,morethanfive,2,med,med,negative
519,high,vhigh,morethanfive,2,med,high,negative
520,high,vhigh,morethanfive,2,big,low,negative
521,high,vhigh,morethanfive,2,big,med,negative
522,high,vhigh,morethanfive,2,big,high,negative
523,high,vhigh,morethanfive,4,small,low,negative
524,high,vhigh,morethanfive,4,small,med,negative
525,high,vhigh,morethanfive,4,small,high,negative
526,high,vhigh,morethanfive,4,med,low,negative
527,high,vhigh,morethanfive,4,med,med,negative
528,high,vhigh,morethanfive,4,med,high,negative
529,high,vhigh,morethanfive,4,big,low,negative
530,high,vhigh,morethanfive,4,big,med,negative
531,high,vhigh,morethanfive,4,big,high,negative
532,high,vhigh,morethanfive,more,small,low,negative
533,high,vhigh,morethanfive,more,small,med,negative
534,high,vhigh,morethanfive,more,small,high,negative
535,high,vhigh,morethanfive,more,med,low,negative
536,high,vhigh,morethanfive,more,med,med,negative
537,high,vhigh,morethanfive,more,med,high,negative
538,high,vhigh,morethanfive,more,big,low,negative
539,high,vhigh,morethanfive,more,big,med,negative
540,high,vhigh,morethanfive,more,big,high,negative
541,high,high,2,2,small,low,negative
542,high,high,2,2,small,med,negative
543,high,high,2,2,small,high,negative
544,high,high,2,2,med,low,negative
545,high,high,2,2,med,med,negative
546,high,high,2,2,med,high,negative
547,high,high,2,2,big,low,negative
548,high,high,2,2,big,med,negative
549,high,high,2,2,big,high,negative
550,high,high,2,4,small,low,negative
551,high,high,2,4,small,med,negative
552,high,high,2,4,small,high,positive
553,high,high,2,4,med,low,negative
554,high,high,2,4,med,med,negative
555,high,high,2,4,med,high,positive
556,high,high,2,4,big,low,negative
557,high,high,2,4,big,med,positive
558,high,high,2,4,big,high,positive
559,high,high,2,more,small,low,negative
560,high,high,2,more,small,med,negative
561,high,high,2,more,small,high,negative
562,high,high,2,more,med,low,negative
563,high,high,2,more,med,med,negative
564,high,high,2,more,med,high,positive
565,high,high,2,more,big,low,negative
566,high,high,2,more,big,med,positive
567,high,high,2,more,big,high,positive
568,high,high,3,2,small,low,negative
569,high,high,3,2,small,med,negative
570,high,high,3,2,small,high,negative
571,high,high,3,2,med,low,negative
572,high,high,3,2,med,med,negative
573,high,high,3,2,med,high,negative
574,high,high,3,2,big,low,negative
575,high,high,3,2,big,med,negative
576,high,high,3,2,big,high,negative
577,high,high,3,4,small,low,negative
578,high,high,3,4,small,med,negative
579,high,high,3,4,small,high,positive
580,high,high,3,4,med,low,negative
581,high,high,3,4,med,med,negative
582,high,high,3,4,med,high,positive
583,high,high,3,4,big,low,negative
584,high,high,3,4,big,med,positive
585,high,high,3,4,big,high,positive
586,high,high,3,more,small,low,negative
587,high,high,3,more,small,med,negative
588,high,high,3,more,small,high,positive
589,high,high,3,more,med,low,negative
590,high,high,3,more,med,med,positive
591,high,high,3,more,med,high,positive
592,high,high,3,more,big,low,negative
593,high,high,3,more,big,med,positive
594,high,high,3,more,big,high,positive
595,high,high,4,2,small,low,negative
596,high,high,4,2,small,med,negative
597,high,high,4,2,small,high,negative
598,high,high,4,2,med,low,negative
599,high,high,4,2,med,med,negative
600,high,high,4,2,med,high,negative
601,high,high,4,2,big,low,negative
602,high,high,4,2,big,med,negative
603,high,high,4,2,big,high,negative
604,high,high,4,4,small,low,negative
605,high,high,4,4,small,med,negative
606,high,high,4,4,small,high,positive
607,high,high,4,4,med,low,negative
608,high,high,4,4,med,med,positive
609,high,high,4,4,med,high,positive
610,high,high,4,4,big,low,negative
611,high,high,4,4,big,med,positive
612,high,high,4,4,big,high,positive
613,high,high,4,more,small,low,negative
614,high,high,4,more,small,med,negative
615,high,high,4,more,small,high,positive
616,high,high,4,more,med,low,negative
617,high,high,4,more,med,med,positive
618,high,high,4,more,med,high,positive
619,high,high,4,more,big,low,negative
620,high,high,4,more,big,med,positive
621,high,high,4,more,big,high,positive
622,high,high,morethanfive,2,small,low,negative
623,high,high,morethanfive,2,small,med,negative
624,high,high,morethanfive,2,small,high,negative
625,high,high,morethanfive,2,med,low,negative
626,high,high,morethanfive,2,med,med,negative
627,high,high,morethanfive,2,med,high,negative
628,high,high,morethanfive,2,big,low,negative
629,high,high,morethanfive,2,big,med,negative
630,high,high,morethanfive,2,big,high,negative
631,high,high,morethanfive,4,small,low,negative
632,high,high,morethanfive,4,small,med,negative
633,high,high,morethanfive,4,small,high,positive
634,high,high,morethanfive,4,med,low,negative
635,high,high,morethanfive,4,med,med,positive
636,high,high,morethanfive,4,med,high,positive
637,high,high,morethanfive,4,big,low,negative
638,high,high,morethanfive,4,big,med,positive
639,high,high,morethanfive,4,big,high,positive
640,high,high,morethanfive,more,small,low,negative
641,high,high,morethanfive,more,small,med,negative
642,high,high,morethanfive,more,small,high,positive
643,high,high,morethanfive,more,med,low,negative
644,high,high,morethanfive,more,med,med,positive
645,high,high,morethanfive,more,med,high,positive
646,high,high,morethanfive,more,big,low,negative
647,high,high,morethanfive,more,big,med,positive
648,high,high,morethanfive,more,big,high,positive
649,high,med,2,2,small,low,negative
650,high,med,2,2,small,med,negative
651,high,med,2,2,small,high,negative
652,high,med,2,2,med,low,negative
653,high,med,2,2,med,med,negative
654,high,med,2,2,med,high,negative
655,high,med,2,2,big,low,negative
656,high,med,2,2,big,med,negative
657,high,med,2,2,big,high,negative
658,high,med,2,4,small,low,negative
659,high,med,2,4,small,med,negative
660,high,med,2,4,small,high,positive
661,high,med,2,4,med,low,negative
662,high,med,2,4,med,med,negative
663,high,med,2,4,med,high,positive
664,high,med,2,4,big,low,negative
665,high,med,2,4,big,med,positive
666,high,med,2,4,big,high,positive
667,high,med,2,more,small,low,negative
668,high,med,2,more,small,med,negative
669,high,med,2,more,small,high,negative
670,high,med,2,more,med,low,negative
671,high,med,2,more,med,med,negative
672,high,med,2,more,med,high,positive
673,high,med,2,more,big,low,negative
674,high,med,2,more,big,med,positive
675,high,med,2,more,big,high,positive
676,high,med,3,2,small,low,negative
677,high,med,3,2,small,med,negative
678,high,med,3,2,small,high,negative
679,high,med,3,2,med,low,negative
680,high,med,3,2,med,med,negative
681,high,med,3,2,med,high,negative
682,high,med,3,2,big,low,negative
683,high,med,3,2,big,med,negative
684,high,med,3,2,big,high,negative
685,high,med,3,4,small,low,negative
686,high,med,3,4,small,med,negative
687,high,med,3,4,small,high,positive
688,high,med,3,4,med,low,negative
689,high,med,3,4,med,med,negative
690,high,med,3,4,med,high,positive
691,high,med,3,4,big,low,negative
692,high,med,3,4,big,med,positive
693,high,med,3,4,big,high,positive
694,high,med,3,more,small,low,negative
695,high,med,3,more,small,med,negative
696,high,med,3,more,small,high,positive
697,high,med,3,more,med,low,negative
698,high,med,3,more,med,med,positive
699,high,med,3,more,med,high,positive
700,high,med,3,more,big,low,negative
701,high,med,3,more,big,med,positive
702,high,med,3,more,big,high,positive
703,high,med,4,2,small,low,negative
704,high,med,4,2,small,med,negative
705,high,med,4,2,small,high,negative
706,high,med,4,2,med,low,negative
707,high,med,4,2,med,med,negative
708,high,med,4,2,med,high,negative
709,high,med,4,2,big,low,negative
710,high,med,4,2,big,med,negative
711,high,med,4,2,big,high,negative
712,high,med,4,4,small,low,negative
713,high,med,4,4,small,med,negative
714,high,med,4,4,small,high,positive
715,high,med,4,4,med,low,negative
716,high,med,4,4,med,med,positive
717,high,med,4,4,med,high,positive
718,high,med,4,4,big,low,negative
719,high,med,4,4,big,med,positive
720,high,med,4,4,big,high,positive
721,high,med,4,more,small,low,negative
722,high,med,4,more,small,med,negative
723,high,med,4,more,small,high,positive
724,high,med,4,more,med,low,negative
725,high,med,4,more,med,med,positive
726,high,med,4,more,med,high,positive
727,high,med,4,more,big,low,negative
728,high,med,4,more,big,med,positive
729,high,med,4,more,big,high,positive
730,high,med,morethanfive,2,small,low,negative
731,high,med,morethanfive,2,small,med,negative
732,high,med,morethanfive,2,small,high,negative
733,high,med,morethanfive,2,med,low,negative
734,high,med,morethanfive,2,med,med,negative
735,high,med,morethanfive,2,med,high,negative
736,high,med,morethanfive,2,big,low,negative
737,high,med,morethanfive,2,big,med,negative
738,high,med,morethanfive,2,big,high,negative
739,high,med,morethanfive,4,small,low,negative
740,high,med,morethanfive,4,small,med,negative
741,high,med,morethanfive,4,small,high,positive
742,high,med,morethanfive,4,med,low,negative
743,high,med,morethanfive,4,med,med,positive
744,high,med,morethanfive,4,med,high,positive
745,high,med,morethanfive,4,big,low,negative
746,high,med,morethanfive,4,big,med,positive
747,high,med,morethanfive,4,big,high,positive
748,high,med,morethanfive,more,small,low,negative
749,high,med,morethanfive,more,small,med,negative
750,high,med,morethanfive,more,small,high,positive
751,high,med,morethanfive,more,med,low,negative
752,high,med,morethanfive,more,med,med,positive
753,high,med,morethanfive,more,med,high,positive
754,high,med,morethanfive,more,big,low,negative
755,high,med,morethanfive,more,big,med,positive
756,high,med,morethanfive,more,big,high,positive
757,high,low,2,2,small,low,negative
758,high,low,2,2,small,med,negative
759,high,low,2,2,small,high,negative
760,high,low,2,2,med,low,negative
761,high,low,2,2,med,med,negative
762,high,low,2,2,med,high,negative
763,high,low,2,2,big,low,negative
764,high,low,2,2,big,med,negative
765,high,low,2,2,big,high,negative
766,high,low,2,4,small,low,negative
767,high,low,2,4,small,med,negative
768,high,low,2,4,small,high,positive
769,high,low,2,4,med,low,negative
770,high,low,2,4,med,med,negative
771,high,low,2,4,med,high,positive
772,high,low,2,4,big,low,negative
773,high,low,2,4,big,med,positive
774,high,low,2,4,big,high,positive
775,high,low,2,more,small,low,negative
776,high,low,2,more,small,med,negative
777,high,low,2,more,small,high,negative
778,high,low,2,more,med,low,negative
779,high,low,2,more,med,med,negative
780,high,low,2,more,med,high,positive
781,high,low,2,more,big,low,negative
782,high,low,2,more,big,med,positive
783,high,low,2,more,big,high,positive
784,high,low,3,2,small,low,negative
785,high,low,3,2,small,med,negative
786,high,low,3,2,small,high,negative
787,high,low,3,2,med,low,negative
788,high,low,3,2,med,med,negative
789,high,low,3,2,med,high,negative
790,high,low,3,2,big,low,negative
791,high,low,3,2,big,med,negative
792,high,low,3,2,big,high,negative
793,high,low,3,4,small,low,negative
794,high,low,3,4,small,med,negative
795,high,low,3,4,small,high,positive
796,high,low,3,4,med,low,negative
797,high,low,3,4,med,med,negative
798,high,low,3,4,med,high,positive
799,high,low,3,4,big,low,negative
800,high,low,3,4,big,med,positive
801,high,low,3,4,big,high,positive
802,high,low,3,more,small,low,negative
803,high,low,3,more,small,med,negative
804,high,low,3,more,small,high,positive
805,high,low,3,more,med,low,negative
806,high,low,3,more,med,med,positive
807,high,low,3,more,med,high,positive
808,high,low,3,more,big,low,negative
809,high,low,3,more,big,med,positive
810,high,low,3,more,big,high,positive
811,high,low,4,2,small,low,negative
812,high,low,4,2,small,med,negative
813,high,low,4,2,small,high,negative
814,high,low,4,2,med,low,negative
815,high,low,4,2,med,med,negative
816,high,low,4,2,med,high,negative
817,high,low,4,2,big,low,negative
818,high,low,4,2,big,med,negative
819,high,low,4,2,big,high,negative
820,high,low,4,4,small,low,negative
821,high,low,4,4,small,med,negative
822,high,low,4,4,small,high,positive
823,high,low,4,4,med,low,negative
824,high,low,4,4,med,med,positive
825,high,low,4,4,med,high,positive
826,high,low,4,4,big,low,negative
827,high,low,4,4,big,med,positive
828,high,low,4,4,big,high,positive
829,high,low,4,more,small,low,negative
830,high,low,4,more,small,med,negative
831,high,low,4,more,small,high,positive
832,high,low,4,more,med,low,negative
833,high,low,4,more,med,med,positive
834,high,low,4,more,med,high,positive
835,high,low,4,more,big,low,negative
836,high,low,4,more,big,med,positive
837,high,low,4,more,big,high,positive
838,high,low,morethanfive,2,small,low,negative
839,high,low,morethanfive,2,small,med,negative
840,high,low,morethanfive,2,small,high,negative
841,high,low,morethanfive,2,med,low,negative
842,high,low,morethanfive,2,med,med,negative
843,high,low,morethanfive,2,med,high,negative
844,high,low,morethanfive,2,big,low,negative
845,high,low,morethanfive,2,big,med,negative
846,high,low,morethanfive,2,big,high,negative
847,high,low,morethanfive,4,small,low,negative
848,high,low,morethanfive,4,small,med,negative
849,high,low,morethanfive,4,small,high,positive
850,high,low,morethanfive,4,med,low,negative
851,high,low,morethanfive,4,med,med,positive
852,high,low,morethanfive,4,med,high,positive
853,high,low,morethanfive,4,big,low,negative
854,high,low,morethanfive,4,big,med,positive
855,high,low,morethanfive,4,big,high,positive
856,high,low,morethanfive,more,small,low,negative
857,high,low,morethanfive,more,small,med,negative
858,high,low,morethanfive,more,small,high,positive
859,high,low,morethanfive,more,med,low,negative
860,high,low,morethanfive,more,med,med,positive
861,high,low,morethanfive,more,med,high,positive
862,high,low,morethanfive,more,big,low,negative
863,high,low,morethanfive,more,big,med,positive
864,high,low,morethanfive,more,big,high,positive
865,med,vhigh,2,2,small,low,negative
866,med,vhigh,2,2,small,med,negative
867,med,vhigh,2,2,small,high,negative
868,med,vhigh,2,2,med,low,negative
869,med,vhigh,2,2,med,med,negative
870,med,vhigh,2,2,med,high,negative
871,med,vhigh,2,2,big,low,negative
872,med,vhigh,2,2,big,med,negative
873,med,vhigh,2,2,big,high,negative
874,med,vhigh,2,4,small,low,negative
875,med,vhigh,2,4,small,med,negative
876,med,vhigh,2,4,small,high,positive
877,med,vhigh,2,4,med,low,negative
878,med,vhigh,2,4,med,med,negative
879,med,vhigh,2,4,med,high,positive
880,med,vhigh,2,4,big,low,negative
881,med,vhigh,2,4,big,med,positive
882,med,vhigh,2,4,big,high,positive
883,med,vhigh,2,more,small,low,negative
884,med,vhigh,2,more,small,med,negative
885,med,vhigh,2,more,small,high,negative
886,med,vhigh,2,more,med,low,negative
887,med,vhigh,2,more,med,med,negative
888,med,vhigh,2,more,med,high,positive
889,med,vhigh,2,more,big,low,negative
890,med,vhigh,2,more,big,med,positive
891,med,vhigh,2,more,big,high,positive
892,med,vhigh,3,2,small,low,negative
893,med,vhigh,3,2,small,med,negative
894,med,vhigh,3,2,small,high,negative
895,med,vhigh,3,2,med,low,negative
896,med,vhigh,3,2,med,med,negative
897,med,vhigh,3,2,med,high,negative
898,med,vhigh,3,2,big,low,negative
899,med,vhigh,3,2,big,med,negative
900,med,vhigh,3,2,big,high,negative
901,med,vhigh,3,4,small,low,negative
902,med,vhigh,3,4,small,med,negative
903,med,vhigh,3,4,small,high,positive
904,med,vhigh,3,4,med,low,negative
905,med,vhigh,3,4,med,med,negative
906,med,vhigh,3,4,med,high,positive
907,med,vhigh,3,4,big,low,negative
908,med,vhigh,3,4,big,med,positive
909,med,vhigh,3,4,big,high,positive
910,med,vhigh,3,more,small,low,negative
911,med,vhigh,3,more,small,med,negative
912,med,vhigh,3,more,small,high,positive
913,med,vhigh,3,more,med,low,negative
914,med,vhigh,3,more,med,med,positive
915,med,vhigh,3,more,med,high,positive
916,med,vhigh,3,more,big,low,negative
917,med,vhigh,3,more,big,med,positive
918,med,vhigh,3,more,big,high,positive
919,med,vhigh,4,2,small,low,negative
920,med,vhigh,4,2,small,med,negative
921,med,vhigh,4,2,small,high,negative
922,med,vhigh,4,2,med,low,negative
923,med,vhigh,4,2,med,med,negative
924,med,vhigh,4,2,med,high,negative
925,med,vhigh,4,2,big,low,negative
926,med,vhigh,4,2,big,med,negative
927,med,vhigh,4,2,big,high,negative
928,med,vhigh,4,4,small,low,negative
929,med,vhigh,4,4,small,med,negative
930,med,vhigh,4,4,small,high,positive
931,med,vhigh,4,4,med,low,negative
932,med,vhigh,4,4,med,med,positive
933,med,vhigh,4,4,med,high,positive
934,med,vhigh,4,4,big,low,negative
935,med,vhigh,4,4,big,med,positive
936,med,vhigh,4,4,big,high,positive
937,med,vhigh,4,more,small,low,negative
938,med,vhigh,4,more,small,med,negative
939,med,vhigh,4,more,small,high,positive
940,med,vhigh,4,more,med,low,negative
941,med,vhigh,4,more,med,med,positive
942,med,vhigh,4,more,med,high,positive
943,med,vhigh,4,more,big,low,negative
944,med,vhigh,4,more,big,med,positive
945,med,vhigh,4,more,big,high,positive
946,med,vhigh,morethanfive,2,small,low,negative
947,med,vhigh,morethanfive,2,small,med,negative
948,med,vhigh,morethanfive,2,small,high,negative
949,med,vhigh,morethanfive,2,med,low,negative
950,med,vhigh,morethanfive,2,med,med,negative
951,med,vhigh,morethanfive,2,med,high,negative
952,med,vhigh,morethanfive,2,big,low,negative
953,med,vhigh,morethanfive,2,big,med,negative
954,med,vhigh,morethanfive,2,big,high,negative
955,med,vhigh,morethanfive,4,small,low,negative
956,med,vhigh,morethanfive,4,small,med,negative
957,med,vhigh,morethanfive,4,small,high,positive
958,med,vhigh,morethanfive,4,med,low,negative
959,med,vhigh,morethanfive,4,med,med,positive
960,med,vhigh,morethanfive,4,med,high,positive
961,med,vhigh,morethanfive,4,big,low,negative
962,med,vhigh,morethanfive,4,big,med,positive
963,med,vhigh,morethanfive,4,big,high,positive
964,med,vhigh,morethanfive,more,small,low,negative
965,med,vhigh,morethanfive,more,small,med,negative
966,med,vhigh,morethanfive,more,small,high,positive
967,med,vhigh,morethanfive,more,med,low,negative
968,med,vhigh,morethanfive,more,med,med,positive
969,med,vhigh,morethanfive,more,med,high,positive
970,med,vhigh,morethanfive,more,big,low,negative
971,med,vhigh,morethanfive,more,big,med,positive
972,med,vhigh,morethanfive,more,big,high,positive
973,med,high,2,2,small,low,negative
974,med,high,2,2,small,med,negative
975,med,high,2,2,small,high,negative
976,med,high,2,2,med,low,negative
977,med,high,2,2,med,med,negative
978,med,high,2,2,med,high,negative
979,med,high,2,2,big,low,negative
980,med,high,2,2,big,med,negative
981,med,high,2,2,big,high,negative
982,med,high,2,4,small,low,negative
983,med,high,2,4,small,med,negative
984,med,high,2,4,small,high,positive
985,med,high,2,4,med,low,negative
986,med,high,2,4,med,med,negative
987,med,high,2,4,med,high,positive
988,med,high,2,4,big,low,negative
989,med,high,2,4,big,med,positive
990,med,high,2,4,big,high,positive
991,med,high,2,more,small,low,negative
992,med,high,2,more,small,med,negative
993,med,high,2,more,small,high,negative
994,med,high,2,more,med,low,negative
995,med,high,2,more,med,med,negative
996,med,high,2,more,med,high,positive
997,med,high,2,more,big,low,negative
998,med,high,2,more,big,med,positive
999,med,high,2,more,big,high,positive
1000,med,high,3,2,small,low,negative
1001,med,high,3,2,small,med,negative
1002,med,high,3,2,small,high,negative
1003,med,high,3,2,med,low,negative
1004,med,high,3,2,med,med,negative
1005,med,high,3,2,med,high,negative
1006,med,high,3,2,big,low,negative
1007,med,high,3,2,big,med,negative
1008,med,high,3,2,big,high,negative
1009,med,high,3,4,small,low,negative
1010,med,high,3,4,small,med,negative
1011,med,high,3,4,small,high,positive
1012,med,high,3,4,med,low,negative
1013,med,high,3,4,med,med,negative
1014,med,high,3,4,med,high,positive
1015,med,high,3,4,big,low,negative
1016,med,high,3,4,big,med,positive
1017,med,high,3,4,big,high,positive
1018,med,high,3,more,small,low,negative
1019,med,high,3,more,small,med,negative
1020,med,high,3,more,small,high,positive
1021,med,high,3,more,med,low,negative
1022,med,high,3,more,med,med,positive
1023,med,high,3,more,med,high,positive
1024,med,high,3,more,big,low,negative
1025,med,high,3,more,big,med,positive
1026,med,high,3,more,big,high,positive
1027,med,high,4,2,small,low,negative
1028,med,high,4,2,small,med,negative
1029,med,high,4,2,small,high,negative
1030,med,high,4,2,med,low,negative
1031,med,high,4,2,med,med,negative
1032,med,high,4,2,med,high,negative
1033,med,high,4,2,big,low,negative
1034,med,high,4,2,big,med,negative
1035,med,high,4,2,big,high,negative
1036,med,high,4,4,small,low,negative
1037,med,high,4,4,small,med,negative
1038,med,high,4,4,small,high,positive
1039,med,high,4,4,med,low,negative
1040,med,high,4,4,med,med,positive
1041,med,high,4,4,med,high,positive
1042,med,high,4,4,big,low,negative
1043,med,high,4,4,big,med,positive
1044,med,high,4,4,big,high,positive
1045,med,high,4,more,small,low,negative
1046,med,high,4,more,small,med,negative
1047,med,high,4,more,small,high,positive
1048,med,high,4,more,med,low,negative
1049,med,high,4,more,med,med,positive
1050,med,high,4,more,med,high,positive
1051,med,high,4,more,big,low,negative
1052,med,high,4,more,big,med,positive
1053,med,high,4,more,big,high,positive
1054,med,high,morethanfive,2,small,low,negative
1055,med,high,morethanfive,2,small,med,negative
1056,med,high,morethanfive,2,small,high,negative
1057,med,high,morethanfive,2,med,low,negative
1058,med,high,morethanfive,2,med,med,negative
1059,med,high,morethanfive,2,med,high,negative
1060,med,high,morethanfive,2,big,low,negative
1061,med,high,morethanfive,2,big,med,negative
1062,med,high,morethanfive,2,big,high,negative
1063,med,high,morethanfive,4,small,low,negative
1064,med,high,morethanfive,4,small,med,negative
1065,med,high,morethanfive,4,small,high,positive
1066,med,high,morethanfive,4,med,low,negative
1067,med,high,morethanfive,4,med,med,positive
1068,med,high,morethanfive,4,med,high,positive
1069,med,high,morethanfive,4,big,low,negative
1070,med,high,morethanfive,4,big,med,positive
1071,med,high,morethanfive,4,big,high,positive
1072,med,high,morethanfive,more,small,low,negative
1073,med,high,morethanfive,more,small,med,negative
1074,med,high,morethanfive,more,small,high,positive
1075,med,high,morethanfive,more,med,low,negative
1076,med,high,morethanfive,more,med,med,positive
1077,med,high,morethanfive,more,med,high,positive
1078,med,high,morethanfive,more,big,low,negative
1079,med,high,morethanfive,more,big,med,positive
1080,med,high,morethanfive,more,big,high,positive
1081,med,med,2,2,small,low,negative
1082,med,med,2,2,small,med,negative
1083,med,med,2,2,small,high,negative
1084,med,med,2,2,med,low,negative
1085,med,med,2,2,med,med,negative
1086,med,med,2,2,med,high,negative
1087,med,med,2,2,big,low,negative
1088,med,med,2,2,big,med,negative
1089,med,med,2,2,big,high,negative
1090,med,med,2,4,small,low,negative
1091,med,med,2,4,small,med,positive
1092,med,med,2,4,small,high,positive
1093,med,med,2,4,med,low,negative
1094,med,med,2,4,med,med,positive
1095,med,med,2,4,med,high,positive
1096,med,med,2,4,big,low,negative
1097,med,med,2,4,big,med,positive
1098,med,med,2,4,big,high,positive
1099,med,med,2,more,small,low,negative
1100,med,med,2,more,small,med,negative
1101,med,med,2,more,small,high,negative
1102,med,med,2,more,med,low,negative
1103,med,med,2,more,med,med,positive
1104,med,med,2,more,med,high,positive
1105,med,med,2,more,big,low,negative
1106,med,med,2,more,big,med,positive
1107,med,med,2,more,big,high,positive
1108,med,med,3,2,small,low,negative
1109,med,med,3,2,small,med,negative
1110,med,med,3,2,small,high,negative
1111,med,med,3,2,med,low,negative
1112,med,med,3,2,med,med,negative
1113,med,med,3,2,med,high,negative
1114,med,med,3,2,big,low,negative
1115,med,med,3,2,big,med,negative
1116,med,med,3,2,big,high,negative
1117,med,med,3,4,small,low,negative
1118,med,med,3,4,small,med,positive
1119,med,med,3,4,small,high,positive
1120,med,med,3,4,med,low,negative
1121,med,med,3,4,med,med,positive
1122,med,med,3,4,med,high,positive
1123,med,med,3,4,big,low,negative
1124,med,med,3,4,big,med,positive
1125,med,med,3,4,big,high,positive
1126,med,med,3,more,small,low,negative
1127,med,med,3,more,small,med,positive
1128,med,med,3,more,small,high,positive
1129,med,med,3,more,med,low,negative
1130,med,med,3,more,med,med,positive
1131,med,med,3,more,med,high,positive
1132,med,med,3,more,big,low,negative
1133,med,med,3,more,big,med,positive
1134,med,med,3,more,big,high,positive
1135,med,med,4,2,small,low,negative
1136,med,med,4,2,small,med,negative
1137,med,med,4,2,small,high,negative
1138,med,med,4,2,med,low,negative
1139,med,med,4,2,med,med,negative
1140,med,med,4,2,med,high,negative
1141,med,med,4,2,big,low,negative
1142,med,med,4,2,big,med,negative
1143,med,med,4,2,big,high,negative
1144,med,med,4,4,small,low,negative
1145,med,med,4,4,small,med,positive
1146,med,med,4,4,small,high,positive
1147,med,med,4,4,med,low,negative
1148,med,med,4,4,med,med,positive
1149,med,med,4,4,med,high,positive
1150,med,med,4,4,big,low,negative
1151,med,med,4,4,big,med,positive
1152,med,med,4,4,big,high,positive
1153,med,med,4,more,small,low,negative
1154,med,med,4,more,small,med,positive
1155,med,med,4,more,small,high,positive
1156,med,med,4,more,med,low,negative
1157,med,med,4,more,med,med,positive
1158,med,med,4,more,med,high,positive
1159,med,med,4,more,big,low,negative
1160,med,med,4,more,big,med,positive
1161,med,med,4,more,big,high,positive
1162,med,med,morethanfive,2,small,low,negative
1163,med,med,morethanfive,2,small,med,negative
1164,med,med,morethanfive,2,small,high,negative
1165,med,med,morethanfive,2,med,low,negative
1166,med,med,morethanfive,2,med,med,negative
1167,med,med,morethanfive,2,med,high,negative
1168,med,med,morethanfive,2,big,low,negative
1169,med,med,morethanfive,2,big,med,negative
1170,med,med,morethanfive,2,big,high,negative
1171,med,med,morethanfive,4,small,low,negative
1172,med,med,morethanfive,4,small,med,positive
1173,med,med,morethanfive,4,small,high,positive
1174,med,med,morethanfive,4,med,low,negative
1175,med,med,morethanfive,4,med,med,positive
1176,med,med,morethanfive,4,med,high,positive
1177,med,med,morethanfive,4,big,low,negative
1178,med,med,morethanfive,4,big,med,positive
1179,med,med,morethanfive,4,big,high,positive
1180,med,med,morethanfive,more,small,low,negative
1181,med,med,morethanfive,more,small,med,positive
1182,med,med,morethanfive,more,small,high,positive
1183,med,med,morethanfive,more,med,low,negative
1184,med,med,morethanfive,more,med,med,positive
1185,med,med,morethanfive,more,med,high,positive
1186,med,med,morethanfive,more,big,low,negative
1187,med,med,morethanfive,more,big,med,positive
1188,med,med,morethanfive,more,big,high,positive
1189,med,low,2,2,small,low,negative
1190,med,low,2,2,small,med,negative
1191,med,low,2,2,small,high,negative
1192,med,low,2,2,med,low,negative
1193,med,low,2,2,med,med,negative
1194,med,low,2,2,med,high,negative
1195,med,low,2,2,big,low,negative
1196,med,low,2,2,big,med,negative
1197,med,low,2,2,big,high,negative
1198,med,low,2,4,small,low,negative
1199,med,low,2,4,small,med,positive
1200,med,low,2,4,small,high,positive
1201,med,low,2,4,med,low,negative
1202,med,low,2,4,med,med,positive
1203,med,low,2,4,med,high,positive
1204,med,low,2,4,big,low,negative
1205,med,low,2,4,big,med,positive
1206,med,low,2,4,big,high,positive
1207,med,low,2,more,small,low,negative
1208,med,low,2,more,small,med,negative
1209,med,low,2,more,small,high,negative
1210,med,low,2,more,med,low,negative
1211,med,low,2,more,med,med,positive
1212,med,low,2,more,med,high,positive
1213,med,low,2,more,big,low,negative
1214,med,low,2,more,big,med,positive
1215,med,low,2,more,big,high,positive
1216,med,low,3,2,small,low,negative
1217,med,low,3,2,small,med,negative
1218,med,low,3,2,small,high,negative
1219,med,low,3,2,med,low,negative
1220,med,low,3,2,med,med,negative
1221,med,low,3,2,med,high,negative
1222,med,low,3,2,big,low,negative
1223,med,low,3,2,big,med,negative
1224,med,low,3,2,big,high,negative
1225,med,low,3,4,small,low,negative
1226,med,low,3,4,small,med,positive
1227,med,low,3,4,small,high,positive
1228,med,low,3,4,med,low,negative
1229,med,low,3,4,med,med,positive
1230,med,low,3,4,med,high,positive
1231,med,low,3,4,big,low,negative
1232,med,low,3,4,big,med,positive
1233,med,low,3,4,big,high,positive
1234,med,low,3,more,small,low,negative
1235,med,low,3,more,small,med,positive
1236,med,low,3,more,small,high,positive
1237,med,low,3,more,med,low,negative
1238,med,low,3,more,med,med,positive
1239,med,low,3,more,med,high,positive
1240,med,low,3,more,big,low,negative
1241,med,low,3,more,big,med,positive
1242,med,low,3,more,big,high,positive
1243,med,low,4,2,small,low,negative
1244,med,low,4,2,small,med,negative
1245,med,low,4,2,small,high,negative
1246,med,low,4,2,med,low,negative
1247,med,low,4,2,med,med,negative
1248,med,low,4,2,med,high,negative
1249,med,low,4,2,big,low,negative
1250,med,low,4,2,big,med,negative
1251,med,low,4,2,big,high,negative
1252,med,low,4,4,small,low,negative
1253,med,low,4,4,small,med,positive
1254,med,low,4,4,small,high,positive
1255,med,low,4,4,med,low,negative
1256,med,low,4,4,med,med,positive
1257,med,low,4,4,med,high,positive
1258,med,low,4,4,big,low,negative
1259,med,low,4,4,big,med,positive
1260,med,low,4,4,big,high,positive
1261,med,low,4,more,small,low,negative
1262,med,low,4,more,small,med,positive
1263,med,low,4,more,small,high,positive
1264,med,low,4,more,med,low,negative
1265,med,low,4,more,med,med,positive
1266,med,low,4,more,med,high,positive
1267,med,low,4,more,big,low,negative
1268,med,low,4,more,big,med,positive
1269,med,low,4,more,big,high,positive
1270,med,low,morethanfive,2,small,low,negative
1271,med,low,morethanfive,2,small,med,negative
1272,med,low,morethanfive,2,small,high,negative
1273,med,low,morethanfive,2,med,low,negative
1274,med,low,morethanfive,2,med,med,negative
1275,med,low,morethanfive,2,med,high,negative
1276,med,low,morethanfive,2,big,low,negative
1277,med,low,morethanfive,2,big,med,negative
1278,med,low,morethanfive,2,big,high,negative
1279,med,low,morethanfive,4,small,low,negative
1280,med,low,morethanfive,4,small,med,positive
1281,med,low,morethanfive,4,small,high,positive
1282,med,low,morethanfive,4,med,low,negative
1283,med,low,morethanfive,4,med,med,positive
1284,med,low,morethanfive,4,med,high,positive
1285,med,low,morethanfive,4,big,low,negative
1286,med,low,morethanfive,4,big,med,positive
1287,med,low,morethanfive,4,big,high,positive
1288,med,low,morethanfive,more,small,low,negative
1289,med,low,morethanfive,more,small,med,positive
1290,med,low,morethanfive,more,small,high,positive
1291,med,low,morethanfive,more,med,low,negative
1292,med,low,morethanfive,more,med,med,positive
1293,med,low,morethanfive,more,med,high,positive
1294,med,low,morethanfive,more,big,low,negative
1295,med,low,morethanfive,more,big,med,positive
1296,med,low,morethanfive,more,big,high,positive
1297,low,vhigh,2,2,small,low,negative
1298,low,vhigh,2,2,small,med,negative
1299,low,vhigh,2,2,small,high,negative
1300,low,vhigh,2,2,med,low,negative
1301,low,vhigh,2,2,med,med,negative
1302,low,vhigh,2,2,med,high,negative
1303,low,vhigh,2,2,big,low,negative
1304,low,vhigh,2,2,big,med,negative
1305,low,vhigh,2,2,big,high,negative
1306,low,vhigh,2,4,small,low,negative
1307,low,vhigh,2,4,small,med,negative
1308,low,vhigh,2,4,small,high,positive
1309,low,vhigh,2,4,med,low,negative
1310,low,vhigh,2,4,med,med,negative
1311,low,vhigh,2,4,med,high,positive
1312,low,vhigh,2,4,big,low,negative
1313,low,vhigh,2,4,big,med,positive
1314,low,vhigh,2,4,big,high,positive
1315,low,vhigh,2,more,small,low,negative
1316,low,vhigh,2,more,small,med,negative
1317,low,vhigh,2,more,small,high,negative
1318,low,vhigh,2,more,med,low,negative
1319,low,vhigh,2,more,med,med,negative
1320,low,vhigh,2,more,med,high,positive
1321,low,vhigh,2,more,big,low,negative
1322,low,vhigh,2,more,big,med,positive
1323,low,vhigh,2,more,big,high,positive
1324,low,vhigh,3,2,small,low,negative
1325,low,vhigh,3,2,small,med,negative
1326,low,vhigh,3,2,small,high,negative
1327,low,vhigh,3,2,med,low,negative
1328,low,vhigh,3,2,med,med,negative
1329,low,vhigh,3,2,med,high,negative
1330,low,vhigh,3,2,big,low,negative
1331,low,vhigh,3,2,big,med,negative
1332,low,vhigh,3,2,big,high,negative
1333,low,vhigh,3,4,small,low,negative
1334,low,vhigh,3,4,small,med,negative
1335,low,vhigh,3,4,small,high,positive
1336,low,vhigh,3,4,med,low,negative
1337,low,vhigh,3,4,med,med,negative
1338,low,vhigh,3,4,med,high,positive
1339,low,vhigh,3,4,big,low,negative
1340,low,vhigh,3,4,big,med,positive
1341,low,vhigh,3,4,big,high,positive
1342,low,vhigh,3,more,small,low,negative
1343,low,vhigh,3,more,small,med,negative
1344,low,vhigh,3,more,small,high,positive
1345,low,vhigh,3,more,med,low,negative
1346,low,vhigh,3,more,med,med,positive
1347,low,vhigh,3,more,med,high,positive
1348,low,vhigh,3,more,big,low,negative
1349,low,vhigh,3,more,big,med,positive
1350,low,vhigh,3,more,big,high,positive
1351,low,vhigh,4,2,small,low,negative
1352,low,vhigh,4,2,small,med,negative
1353,low,vhigh,4,2,small,high,negative
1354,low,vhigh,4,2,med,low,negative
1355,low,vhigh,4,2,med,med,negative
1356,low,vhigh,4,2,med,high,negative
1357,low,vhigh,4,2,big,low,negative
1358,low,vhigh,4,2,big,med,negative
1359,low,vhigh,4,2,big,high,negative
1360,low,vhigh,4,4,small,low,negative
1361,low,vhigh,4,4,small,med,negative
1362,low,vhigh,4,4,small,high,positive
1363,low,vhigh,4,4,med,low,negative
1364,low,vhigh,4,4,med,med,positive
1365,low,vhigh,4,4,med,high,positive
1366,low,vhigh,4,4,big,low,negative
1367,low,vhigh,4,4,big,med,positive
1368,low,vhigh,4,4,big,high,positive
1369,low,vhigh,4,more,small,low,negative
1370,low,vhigh,4,more,small,med,negative
1371,low,vhigh,4,more,small,high,positive
1372,low,vhigh,4,more,med,low,negative
1373,low,vhigh,4,more,med,med,positive
1374,low,vhigh,4,more,med,high,positive
1375,low,vhigh,4,more,big,low,negative
1376,low,vhigh,4,more,big,med,positive
1377,low,vhigh,4,more,big,high,positive
1378,low,vhigh,morethanfive,2,small,low,negative
1379,low,vhigh,morethanfive,2,small,med,negative
1380,low,vhigh,morethanfive,2,small,high,negative
1381,low,vhigh,morethanfive,2,med,low,negative
1382,low,vhigh,morethanfive,2,med,med,negative
1383,low,vhigh,morethanfive,2,med,high,negative
1384,low,vhigh,morethanfive,2,big,low,negative
1385,low,vhigh,morethanfive,2,big,med,negative
1386,low,vhigh,morethanfive,2,big,high,negative
1387,low,vhigh,morethanfive,4,small,low,negative
1388,low,vhigh,morethanfive,4,small,med,negative
1389,low,vhigh,morethanfive,4,small,high,positive
1390,low,vhigh,morethanfive,4,med,low,negative
1391,low,vhigh,morethanfive,4,med,med,positive
1392,low,vhigh,morethanfive,4,med,high,positive
1393,low,vhigh,morethanfive,4,big,low,negative
1394,low,vhigh,morethanfive,4,big,med,positive
1395,low,vhigh,morethanfive,4,big,high,positive
1396,low,vhigh,morethanfive,more,small,low,negative
1397,low,vhigh,morethanfive,more,small,med,negative
1398,low,vhigh,morethanfive,more,small,high,positive
1399,low,vhigh,morethanfive,more,med,low,negative
1400,low,vhigh,morethanfive,more,med,med,positive
1401,low,vhigh,morethanfive,more,med,high,positive
1402,low,vhigh,morethanfive,more,big,low,negative
1403,low,vhigh,morethanfive,more,big,med,positive
1404,low,vhigh,morethanfive,more,big,high,positive
1405,low,high,2,2,small,low,negative
1406,low,high,2,2,small,med,negative
1407,low,high,2,2,small,high,negative
1408,low,high,2,2,med,low,negative
1409,low,high,2,2,med,med,negative
1410,low,high,2,2,med,high,negative
1411,low,high,2,2,big,low,negative
1412,low,high,2,2,big,med,negative
1413,low,high,2,2,big,high,negative
1414,low,high,2,4,small,low,negative
1415,low,high,2,4,small,med,positive
1416,low,high,2,4,small,high,positive
1417,low,high,2,4,med,low,negative
1418,low,high,2,4,med,med,positive
1419,low,high,2,4,med,high,positive
1420,low,high,2,4,big,low,negative
1421,low,high,2,4,big,med,positive
1422,low,high,2,4,big,high,positive
1423,low,high,2,more,small,low,negative
1424,low,high,2,more,small,med,negative
1425,low,high,2,more,small,high,negative
1426,low,high,2,more,med,low,negative
1427,low,high,2,more,med,med,positive
1428,low,high,2,more,med,high,positive
1429,low,high,2,more,big,low,negative
1430,low,high,2,more,big,med,positive
1431,low,high,2,more,big,high,positive
1432,low,high,3,2,small,low,negative
1433,low,high,3,2,small,med,negative
1434,low,high,3,2,small,high,negative
1435,low,high,3,2,med,low,negative
1436,low,high,3,2,med,med,negative
1437,low,high,3,2,med,high,negative
1438,low,high,3,2,big,low,negative
1439,low,high,3,2,big,med,negative
1440,low,high,3,2,big,high,negative
1441,low,high,3,4,small,low,negative
1442,low,high,3,4,small,med,positive
1443,low,high,3,4,small,high,positive
1444,low,high,3,4,med,low,negative
1445,low,high,3,4,med,med,positive
1446,low,high,3,4,med,high,positive
1447,low,high,3,4,big,low,negative
1448,low,high,3,4,big,med,positive
1449,low,high,3,4,big,high,positive
1450,low,high,3,more,small,low,negative
1451,low,high,3,more,small,med,positive
1452,low,high,3,more,small,high,positive
1453,low,high,3,more,med,low,negative
1454,low,high,3,more,med,med,positive
1455,low,high,3,more,med,high,positive
1456,low,high,3,more,big,low,negative
1457,low,high,3,more,big,med,positive
1458,low,high,3,more,big,high,positive
1459,low,high,4,2,small,low,negative
1460,low,high,4,2,small,med,negative
1461,low,high,4,2,small,high,negative
1462,low,high,4,2,med,low,negative
1463,low,high,4,2,med,med,negative
1464,low,high,4,2,med,high,negative
1465,low,high,4,2,big,low,negative
1466,low,high,4,2,big,med,negative
1467,low,high,4,2,big,high,negative
1468,low,high,4,4,small,low,negative
1469,low,high,4,4,small,med,positive
1470,low,high,4,4,small,high,positive
1471,low,high,4,4,med,low,negative
1472,low,high,4,4,med,med,positive
1473,low,high,4,4,med,high,positive
1474,low,high,4,4,big,low,negative
1475,low,high,4,4,big,med,positive
1476,low,high,4,4,big,high,positive
1477,low,high,4,more,small,low,negative
1478,low,high,4,more,small,med,positive
1479,low,high,4,more,small,high,positive
1480,low,high,4,more,med,low,negative
1481,low,high,4,more,med,med,positive
1482,low,high,4,more,med,high,positive
1483,low,high,4,more,big,low,negative
1484,low,high,4,more,big,med,positive
1485,low,high,4,more,big,high,positive
1486,low,high,morethanfive,2,small,low,negative
1487,low,high,morethanfive,2,small,med,negative
1488,low,high,morethanfive,2,small,high,negative
1489,low,high,morethanfive,2,med,low,negative
1490,low,high,morethanfive,2,med,med,negative
1491,low,high,morethanfive,2,med,high,negative
1492,low,high,morethanfive,2,big,low,negative
1493,low,high,morethanfive,2,big,med,negative
1494,low,high,morethanfive,2,big,high,negative
1495,low,high,morethanfive,4,small,low,negative
1496,low,high,morethanfive,4,small,med,positive
1497,low,high,morethanfive,4,small,high,positive
1498,low,high,morethanfive,4,med,low,negative
1499,low,high,morethanfive,4,med,med,positive
1500,low,high,morethanfive,4,med,high,positive
1501,low,high,morethanfive,4,big,low,negative
1502,low,high,morethanfive,4,big,med,positive
1503,low,high,morethanfive,4,big,high,positive
1504,low,high,morethanfive,more,small,low,negative
1505,low,high,morethanfive,more,small,med,positive
1506,low,high,morethanfive,more,small,high,positive
1507,low,high,morethanfive,more,med,low,negative
1508,low,high,morethanfive,more,med,med,positive
1509,low,high,morethanfive,more,med,high,positive
1510,low,high,morethanfive,more,big,low,negative
1511,low,high,morethanfive,more,big,med,positive
1512,low,high,morethanfive,more,big,high,positive
1513,low,med,2,2,small,low,negative
1514,low,med,2,2,small,med,negative
1515,low,med,2,2,small,high,negative
1516,low,med,2,2,med,low,negative
1517,low,med,2,2,med,med,negative
1518,low,med,2,2,med,high,negative
1519,low,med,2,2,big,low,negative
1520,low,med,2,2,big,med,negative
1521,low,med,2,2,big,high,negative
1522,low,med,2,4,small,low,negative
1523,low,med,2,4,small,med,positive
1524,low,med,2,4,small,high,positive
1525,low,med,2,4,med,low,negative
1526,low,med,2,4,med,med,positive
1527,low,med,2,4,med,high,positive
1528,low,med,2,4,big,low,negative
1529,low,med,2,4,big,med,positive
1530,low,med,2,4,big,high,positive
1531,low,med,2,more,small,low,negative
1532,low,med,2,more,small,med,negative
1533,low,med,2,more,small,high,negative
1534,low,med,2,more,med,low,negative
1535,low,med,2,more,med,med,positive
1536,low,med,2,more,med,high,positive
1537,low,med,2,more,big,low,negative
1538,low,med,2,more,big,med,positive
1539,low,med,2,more,big,high,positive
1540,low,med,3,2,small,low,negative
1541,low,med,3,2,small,med,negative
1542,low,med,3,2,small,high,negative
1543,low,med,3,2,med,low,negative
1544,low,med,3,2,med,med,negative
1545,low,med,3,2,med,high,negative
1546,low,med,3,2,big,low,negative
1547,low,med,3,2,big,med,negative
1548,low,med,3,2,big,high,negative
1549,low,med,3,4,small,low,negative
1550,low,med,3,4,small,med,positive
1551,low,med,3,4,small,high,positive
1552,low,med,3,4,med,low,negative
1553,low,med,3,4,med,med,positive
1554,low,med,3,4,med,high,positive
1555,low,med,3,4,big,low,negative
1556,low,med,3,4,big,med,positive
1557,low,med,3,4,big,high,positive
1558,low,med,3,more,small,low,negative
1559,low,med,3,more,small,med,positive
1560,low,med,3,more,small,high,positive
1561,low,med,3,more,med,low,negative
1562,low,med,3,more,med,med,positive
1563,low,med,3,more,med,high,positive
1564,low,med,3,more,big,low,negative
1565,low,med,3,more,big,med,positive
1566,low,med,3,more,big,high,positive
1567,low,med,4,2,small,low,negative
1568,low,med,4,2,small,med,negative
1569,low,med,4,2,small,high,negative
1570,low,med,4,2,med,low,negative
1571,low,med,4,2,med,med,negative
1572,low,med,4,2,med,high,negative
1573,low,med,4,2,big,low,negative
1574,low,med,4,2,big,med,negative
1575,low,med,4,2,big,high,negative
1576,low,med,4,4,small,low,negative
1577,low,med,4,4,small,med,positive
1578,low,med,4,4,small,high,positive
1579,low,med,4,4,med,low,negative
1580,low,med,4,4,med,med,positive
1581,low,med,4,4,med,high,positive
1582,low,med,4,4,big,low,negative
1583,low,med,4,4,big,med,positive
1584,low,med,4,4,big,high,positive
1585,low,med,4,more,small,low,negative
1586,low,med,4,more,small,med,positive
1587,low,med,4,more,small,high,positive
1588,low,med,4,more,med,low,negative
1589,low,med,4,more,med,med,positive
1590,low,med,4,more,med,high,positive
1591,low,med,4,more,big,low,negative
1592,low,med,4,more,big,med,positive
1593,low,med,4,more,big,high,positive
1594,low,med,morethanfive,2,small,low,negative
1595,low,med,morethanfive,2,small,med,negative
1596,low,med,morethanfive,2,small,high,negative
1597,low,med,morethanfive,2,med,low,negative
1598,low,med,morethanfive,2,med,med,negative
1599,low,med,morethanfive,2,med,high,negative
1600,low,med,morethanfive,2,big,low,negative
1601,low,med,morethanfive,2,big,med,negative
1602,low,med,morethanfive,2,big,high,negative
1603,low,med,morethanfive,4,small,low,negative
1604,low,med,morethanfive,4,small,med,positive
1605,low,med,morethanfive,4,small,high,positive
1606,low,med,morethanfive,4,med,low,negative
1607,low,med,morethanfive,4,med,med,positive
1608,low,med,morethanfive,4,med,high,positive
1609,low,med,morethanfive,4,big,low,negative
1610,low,med,morethanfive,4,big,med,positive
1611,low,med,morethanfive,4,big,high,positive
1612,low,med,morethanfive,more,small,low,negative
1613,low,med,morethanfive,more,small,med,positive
1614,low,med,morethanfive,more,small,high,positive
1615,low,med,morethanfive,more,med,low,negative
1616,low,med,morethanfive,more,med,med,positive
1617,low,med,morethanfive,more,med,high,positive
1618,low,med,morethanfive,more,big,low,negative
1619,low,med,morethanfive,more,big,med,positive
1620,low,med,morethanfive,more,big,high,positive
1621,low,low,2,2,small,low,negative
1622,low,low,2,2,small,med,negative
1623,low,low,2,2,small,high,negative
1624,low,low,2,2,med,low,negative
1625,low,low,2,2,med,med,negative
1626,low,low,2,2,med,high,negative
1627,low,low,2,2,big,low,negative
1628,low,low,2,2,big,med,negative
1629,low,low,2,2,big,high,negative
1630,low,low,2,4,small,low,negative
1631,low,low,2,4,small,med,positive
1632,low,low,2,4,small,high,positive
1633,low,low,2,4,med,low,negative
1634,low,low,2,4,med,med,positive
1635,low,low,2,4,med,high,positive
1636,low,low,2,4,big,low,negative
1637,low,low,2,4,big,med,positive
1638,low,low,2,4,big,high,positive
1639,low,low,2,more,small,low,negative
1640,low,low,2,more,small,med,negative
1641,low,low,2,more,small,high,negative
1642,low,low,2,more,med,low,negative
1643,low,low,2,more,med,med,positive
1644,low,low,2,more,med,high,positive
1645,low,low,2,more,big,low,negative
1646,low,low,2,more,big,med,positive
1647,low,low,2,more,big,high,positive
1648,low,low,3,2,small,low,negative
1649,low,low,3,2,small,med,negative
1650,low,low,3,2,small,high,negative
1651,low,low,3,2,med,low,negative
1652,low,low,3,2,med,med,negative
1653,low,low,3,2,med,high,negative
1654,low,low,3,2,big,low,negative
1655,low,low,3,2,big,med,negative
1656,low,low,3,2,big,high,negative
1657,low,low,3,4,small,low,negative
1658,low,low,3,4,small,med,positive
1659,low,low,3,4,small,high,positive
1660,low,low,3,4,med,low,negative
1661,low,low,3,4,med,med,positive
1662,low,low,3,4,med,high,positive
1663,low,low,3,4,big,low,negative
1664,low,low,3,4,big,med,positive
1665,low,low,3,4,big,high,positive
1666,low,low,3,more,small,low,negative
1667,low,low,3,more,small,med,positive
1668,low,low,3,more,small,high,positive
1669,low,low,3,more,med,low,negative
1670,low,low,3,more,med,med,positive
1671,low,low,3,more,med,high,positive
1672,low,low,3,more,big,low,negative
1673,low,low,3,more,big,med,positive
1674,low,low,3,more,big,high,positive
1675,low,low,4,2,small,low,negative
1676,low,low,4,2,small,med,negative
1677,low,low,4,2,small,high,negative
1678,low,low,4,2,med,low,negative
1679,low,low,4,2,med,med,negative
1680,low,low,4,2,med,high,negative
1681,low,low,4,2,big,low,negative
1682,low,low,4,2,big,med,negative
1683,low,low,4,2,big,high,negative
1684,low,low,4,4,small,low,negative
1685,low,low,4,4,small,med,positive
1686,low,low,4,4,small,high,positive
1687,low,low,4,4,med,low,negative
1688,low,low,4,4,med,med,positive
1689,low,low,4,4,med,high,positive
1690,low,low,4,4,big,low,negative
1691,low,low,4,4,big,med,positive
1692,low,low,4,4,big,high,positive
1693,low,low,4,more,small,low,negative
1694,low,low,4,more,small,med,positive
1695,low,low,4,more,small,high,positive
1696,low,low,4,more,med,low,negative
1697,low,low,4,more,med,med,positive
1698,low,low,4,more,med,high,positive
1699,low,low,4,more,big,low,negative
1700,low,low,4,more,big,med,positive
1701,low,low,4,more,big,high,positive
1702,low,low,morethanfive,2,small,low,negative
1703,low,low,morethanfive,2,small,med,negative
1704,low,low,morethanfive,2,small,high,negative
1705,low,low,morethanfive,2,med,low,negative
1706,low,low,morethanfive,2,med,med,negative
1707,low,low,morethanfive,2,med,high,negative
1708,low,low,morethanfive,2,big,low,negative
1709,low,low,morethanfive,2,big,med,negative
1710,low,low,morethanfive,2,big,high,negative
1711,low,low,morethanfive,4,small,low,negative
1712,low,low,morethanfive,4,small,med,positive
1713,low,low,morethanfive,4,small,high,positive
1714,low,low,morethanfive,4,med,low,negative
1715,low,low,morethanfive,4,med,med,positive
1716,low,low,morethanfive,4,med,high,positive
1717,low,low,morethanfive,4,big,low,negative
1718,low,low,morethanfive,4,big,med,positive
1719,low,low,morethanfive,4,big,high,positive
1720,low,low,morethanfive,more,small,low,negative
1721,low,low,morethanfive,more,small,med,positive
1722,low,low,morethanfive,more,small,high,positive
1723,low,low,morethanfive,more,med,low,negative
1724,low,low,morethanfive,more,med,med,positive
1725,low,low,morethanfive,more,med,high,positive
1726,low,low,morethanfive,more,big,low,negative
1727,low,low,morethanfive,more,big,med,positive
1728,low,low,morethanfive,more,big,high,positive
